fname,label,crying,laughing,noise,silence,y_pred
1-187207-A.wav,crying,0.8841533660888672,0.006656242068856955,0.10918118804693222,9.147574928647373e-06,crying
1-211527-A.wav,crying,0.9357465505599976,0.0005577190313488245,0.06367028504610062,2.5508184990030713e-05,crying
1-211527-B.wav,crying,0.9566224813461304,0.0021298194769769907,0.040609411895275116,0.0006383744766935706,crying
1-211527-C.wav,crying,0.9903098344802856,0.001592865097336471,0.008096804842352867,4.1309681364509743e-07,crying
1-22694-B.wav,crying,0.7981875538825989,0.029688512906432152,0.1718895137310028,0.00023450156731996685,crying
1-60997-A.wav,crying,0.9336158037185669,0.013920734636485577,0.05246320366859436,2.16613969428181e-07,crying
1-60997-B.wav,crying,0.9831011891365051,0.0017383759841322899,0.015160106122493744,2.272518173640492e-07,crying
2-107351-A.wav,crying,0.8739330172538757,0.022734077647328377,0.10331913083791733,1.3798868167214096e-05,crying
2-107351-B.wav,crying,0.9417970776557922,0.02360471896827221,0.0345948152244091,3.427356887186761e-06,crying
2-151079-A.wav,crying,0.9585991501808167,0.001175701734609902,0.04022175073623657,3.215683818780235e-06,crying
2-50665-A.wav,crying,0.9683976769447327,4.4033328094883473e-07,0.03160202130675316,1.5513645923448394e-09,crying
2-50666-A.wav,crying,0.9022086262702942,0.0014580233255401254,0.09633106738328934,2.32379397857585e-06,crying
2-66637-B.wav,crying,0.7462387084960938,0.0824129581451416,0.17122164368629456,0.0001266840408788994,crying
2-80482-A.wav,crying,0.9590089321136475,0.0017901527462527156,0.039199575781822205,1.37060067118e-06,crying
3-151080-A.wav,crying,0.9715632796287537,0.0004894065787084401,0.027946781367063522,7.592927886435064e-07,crying
3-151081-A.wav,crying,0.9252880215644836,0.00900384783744812,0.06570791453123093,2.4192252112698043e-07,crying
3-151081-B.wav,crying,0.9524573683738708,0.014172741211950779,0.03332941234111786,4.0699029341340065e-05,crying
3-152007-A.wav,crying,0.9087151885032654,0.02872955985367298,0.06255225837230682,2.969433126054355e-06,crying
3-152007-B.wav,crying,0.982837438583374,0.004766968544572592,0.012395624071359634,6.141010366889077e-09,crying
3-152007-C.wav,crying,0.9245139956474304,0.02014477737247944,0.055341076105833054,2.0443039261408558e-07,crying
3-152007-D.wav,crying,0.9102873802185059,0.011593812145292759,0.07799668610095978,0.00012211839202791452,crying
3-152007-E.wav,crying,0.9856653809547424,0.002741138683632016,0.011593509465456009,4.96370132496704e-11,crying
4-167077-A.wav,crying,0.8835060596466064,0.046478066593408585,0.06995560228824615,6.029551514075138e-05,crying
4-167077-B.wav,crying,0.9273793697357178,0.015648851171135902,0.05696627125144005,5.391277227317914e-06,crying
4-167077-C.wav,crying,0.9155164361000061,0.026725634932518005,0.05773663893342018,2.1127891159267165e-05,crying
4-185575-A.wav,crying,0.8999693393707275,0.07917983829975128,0.020850801840424538,1.2573877938848455e-07,crying
4-59579-A.wav,crying,0.9612897634506226,0.005770988762378693,0.032939162105321884,1.402686393703334e-07,crying
4-59579-B.wav,crying,0.9920134544372559,0.0029329087119549513,0.005053325090557337,3.2472257771587465e-07,crying
5-151085-A.wav,crying,0.9927256107330322,0.0002288798859808594,0.007026997394859791,1.8480493963579647e-05,crying
5-198411-A.wav,crying,0.8685417175292969,0.020725192502141,0.11071621626615524,1.6715992387617007e-05,crying
5-198411-B.wav,crying,0.9264417290687561,0.006703773979097605,0.06685437262058258,8.649914562397498e-09,crying
5-198411-C.wav,crying,0.9854251742362976,0.001289790845476091,0.013285133056342602,1.265834381758424e-10,crying
5-198411-D.wav,crying,0.9601637721061707,0.00019671105837915093,0.03963655233383179,3.041612899323809e-06,crying
5-198411-E.wav,crying,0.9833157062530518,0.016474001109600067,0.00021038518752902746,2.1728127977405087e-11,crying
5-198411-F.wav,crying,0.9116863012313843,0.0011452644830569625,0.08716791123151779,5.39286418188567e-07,crying
5-198411-G.wav,crying,0.8622417449951172,0.001072628889232874,0.13661137223243713,7.41918629501015e-05,crying
Louise_01.m4a_0.wav,crying,0.9706390500068665,0.02227586880326271,0.007071848958730698,1.3079363270662725e-05,crying
Louise_01.m4a_1.wav,crying,0.9728284478187561,0.013673828914761543,0.013482862152159214,1.4876053683110513e-05,crying
Louise_01.m4a_10.wav,crying,0.9984309673309326,6.343510176520795e-05,0.001505548832938075,2.649609864846525e-09,crying
Louise_01.m4a_11.wav,crying,0.9976031184196472,0.00014997200923971832,0.0022462885826826096,5.602279884442396e-07,crying
Louise_01.m4a_12.wav,crying,0.9977757930755615,0.00015117884322535247,0.002072481205686927,5.60265789317782e-07,crying
Louise_01.m4a_13.wav,crying,0.9888464212417603,0.0001875722227850929,0.01096508651971817,9.748683851285023e-07,crying
Louise_01.m4a_14.wav,crying,0.9793871641159058,0.0025101385544985533,0.01810166798532009,1.1036590876756236e-06,crying
Louise_01.m4a_2.wav,crying,0.9769371151924133,0.00980539433658123,0.013242589309811592,1.4888226360199042e-05,crying
Louise_01.m4a_3.wav,crying,0.9765071272850037,0.010434607975184917,0.013044111430644989,1.3999397197039798e-05,crying
Louise_01.m4a_4.wav,crying,0.9768292307853699,0.010115399956703186,0.013041512109339237,1.3995258996146731e-05,crying
Louise_01.m4a_5.wav,crying,0.9873499870300293,0.0031650380697101355,0.009482610039412975,2.3552684069727547e-06,crying
Louise_01.m4a_6.wav,crying,0.9966168999671936,0.002560562686994672,0.0008225592318922281,1.391903570180375e-08,crying
Louise_01.m4a_7.wav,crying,0.9971171617507935,0.0020440728403627872,0.0008389271679334342,2.4915152163629273e-09,crying
Louise_01.m4a_8.wav,crying,0.998211145401001,0.0005507169407792389,0.0012381755514070392,4.422052057861947e-09,crying
Louise_01.m4a_9.wav,crying,0.9980189800262451,0.0001390234101563692,0.0018419916741549969,4.8387036599706335e-09,crying
margot.m4a_0.wav,crying,0.9724797010421753,0.02544611133635044,0.001969733973965049,0.00010453540744492784,crying
margot.m4a_1.wav,crying,0.9882955551147461,0.01002514734864235,0.001609334023669362,6.98611547704786e-05,crying
margot.m4a_10.wav,crying,0.9994701743125916,4.457433897187002e-05,0.00048518244875594974,7.279706437657296e-08,crying
margot.m4a_11.wav,crying,0.9998575448989868,5.3072089940542355e-05,8.932256605476141e-05,7.288168291097463e-08,crying
margot.m4a_12.wav,crying,0.9970479607582092,6.319185922620818e-05,0.002888771938160062,5.782604262094537e-08,crying
margot.m4a_13.wav,crying,0.9970340132713318,6.439111893996596e-05,0.0029016444459557533,5.804477254400808e-08,crying
margot.m4a_14.wav,crying,0.9971291422843933,2.8279830075916834e-05,0.00284264562651515,1.0670263561607385e-09,crying
margot.m4a_15.wav,crying,0.9970961809158325,2.6597126634442247e-05,0.002877363469451666,1.2031305951509808e-09,crying
margot.m4a_16.wav,crying,0.9970937967300415,2.659658457559999e-05,0.0028795686084777117,1.2027484563859048e-09,crying
margot.m4a_17.wav,crying,0.9999338388442993,1.9362780676601687e-06,6.436822150135413e-05,7.309981508996088e-10,crying
margot.m4a_18.wav,crying,0.994897186756134,7.654911655663454e-07,0.005102124530822039,1.3122416486766042e-09,crying
margot.m4a_19.wav,crying,0.9949064254760742,2.5067245587706566e-05,0.005068476311862469,1.550998263155634e-08,crying
margot.m4a_2.wav,crying,0.9984830617904663,1.823782076826319e-05,0.0014308608369901776,6.785989535273984e-05,crying
margot.m4a_20.wav,crying,0.9949248433113098,4.271875513950363e-05,0.005032514687627554,1.551694417400995e-08,crying
margot.m4a_21.wav,crying,0.9949243664741516,4.3686894059646875e-05,0.005031920969486237,1.5564888045105363e-08,crying
margot.m4a_22.wav,crying,0.9869715571403503,5.6566394050605595e-05,0.012971781194210052,1.543478589383085e-08,crying
margot.m4a_23.wav,crying,0.9962455630302429,6.0038470110157505e-05,0.003694554790854454,4.4154635503446116e-09,crying
margot.m4a_24.wav,crying,0.9804161787033081,0.0053850156255066395,0.014189857989549637,9.040352779265959e-06,crying
margot.m4a_25.wav,crying,0.9865684509277344,0.006577944383025169,0.00684789614751935,5.761246939073317e-06,crying
margot.m4a_26.wav,crying,0.986726701259613,0.00656149722635746,0.006705914158374071,5.76139746044646e-06,crying
margot.m4a_3.wav,crying,0.9978967905044556,2.6643638193490915e-05,0.0020765692461282015,7.968015580672727e-08,crying
margot.m4a_4.wav,crying,0.9978678822517395,2.73725381703116e-05,0.0021047729533165693,1.1578257641531309e-07,crying
margot.m4a_5.wav,crying,0.9985303282737732,2.2558979253517464e-05,0.001447112299501896,1.1586409698338684e-07,crying
margot.m4a_6.wav,crying,0.9985496401786804,1.1064523278037086e-05,0.0014392136363312602,1.0922399695800777e-07,crying
margot.m4a_7.wav,crying,0.9986185431480408,1.4878411093377508e-05,0.0013665109872817993,7.577086336141292e-08,crying
margot.m4a_8.wav,crying,0.9994874000549316,6.930570179974893e-06,0.0005054823122918606,4.5392091863050155e-08,crying
margot.m4a_9.wav,crying,0.999412477016449,4.224277654429898e-05,0.0005451623583212495,7.279759728362478e-08,crying
V_2017-04-01+08_06_22=0_30.mp3_0.wav,crying,0.9874028563499451,0.00565570080652833,0.00694148987531662,5.987161433296251e-09,crying
V_2017-04-01+08_06_22=0_30.mp3_1.wav,crying,0.9987058043479919,0.0009171991841867566,0.0003768194583244622,5.928102897456711e-09,crying
V_2017-04-01+08_06_22=0_30.mp3_10.wav,crying,0.9969058036804199,9.849081106949598e-05,0.0029954712372273207,3.418197707105719e-07,crying
V_2017-04-01+08_06_22=0_30.mp3_11.wav,crying,0.9936703443527222,9.523447079118341e-05,0.0062341648153960705,3.182410637236899e-07,crying
V_2017-04-01+08_06_22=0_30.mp3_12.wav,crying,0.9937983751296997,0.0008630478987470269,0.0053382799960672855,3.17698265916988e-07,crying
V_2017-04-01+08_06_22=0_30.mp3_13.wav,crying,0.9949607253074646,0.0011999077396467328,0.003839092794805765,3.1735109473629564e-07,crying
V_2017-04-01+08_06_22=0_30.mp3_14.wav,crying,0.9949856400489807,0.0018067867495119572,0.0032076796051114798,7.980308858179797e-09,crying
V_2017-04-01+08_06_22=0_30.mp3_15.wav,crying,0.9967676997184753,0.0016380787128582597,0.0015942876925691962,7.999558349069957e-09,crying
V_2017-04-01+08_06_22=0_30.mp3_16.wav,crying,0.9982755184173584,0.0014215931296348572,0.0003029506478924304,2.404020271740137e-08,crying
V_2017-04-01+08_06_22=0_30.mp3_17.wav,crying,0.9974231123924255,0.0007234534132294357,0.0018518005963414907,1.607738795428304e-06,crying
V_2017-04-01+08_06_22=0_30.mp3_18.wav,crying,0.998045802116394,0.00013837490405421704,0.0018143615452572703,1.6072876860562246e-06,crying
V_2017-04-01+08_06_22=0_30.mp3_19.wav,crying,0.9977145791053772,8.884090493666008e-05,0.0021949566435068846,1.5513361404373427e-06,crying
V_2017-04-01+08_06_22=0_30.mp3_2.wav,crying,0.9971498847007751,0.001994766527786851,0.0008552013896405697,1.909338642747116e-08,crying
V_2017-04-01+08_06_22=0_30.mp3_20.wav,crying,0.9976257681846619,9.696267079561949e-05,0.0022756292019039392,1.5517149449806311e-06,crying
V_2017-04-01+08_06_22=0_30.mp3_21.wav,crying,0.9965377449989319,0.00010694892262108624,0.0033537703566253185,1.5354153219959699e-06,crying
V_2017-04-01+08_06_22=0_30.mp3_22.wav,crying,0.9963300228118896,0.0016705881571397185,0.001999509986490011,8.935898243578322e-09,crying
V_2017-04-01+08_06_22=0_30.mp3_23.wav,crying,0.9959768056869507,0.0016734482487663627,0.0023497184738516808,2.1395665239509754e-09,crying
V_2017-04-01+08_06_22=0_30.mp3_24.wav,crying,0.9861862063407898,0.005838008131831884,0.007975921034812927,6.256286599892746e-09,crying
V_2017-04-01+08_06_22=0_30.mp3_25.wav,crying,0.9571505784988403,0.006351863965392113,0.03649723529815674,2.779251531137561e-07,crying
V_2017-04-01+08_06_22=0_30.mp3_3.wav,crying,0.9977644085884094,0.0014227675274014473,0.0008128960616886616,3.036318574345387e-08,crying
V_2017-04-01+08_06_22=0_30.mp3_4.wav,crying,0.997253954410553,0.0017269357340410352,0.0010191034525632858,3.0798403827247967e-08,crying
V_2017-04-01+08_06_22=0_30.mp3_5.wav,crying,0.991380512714386,0.0016514803282916546,0.006966806948184967,1.3076996765448712e-06,crying
V_2017-04-01+08_06_22=0_30.mp3_6.wav,crying,0.9910734295845032,0.0017262300243601203,0.007199094630777836,1.31308672735031e-06,crying
V_2017-04-01+08_06_22=0_30.mp3_7.wav,crying,0.9921688437461853,0.0007544455584138632,0.007075408939272165,1.315230292675551e-06,crying
V_2017-04-01+08_06_22=0_30.mp3_8.wav,crying,0.9908020496368408,0.0007063195807859302,0.008490207605063915,1.3055334875389235e-06,crying
V_2017-04-01+08_06_22=0_30.mp3_9.wav,crying,0.9923632740974426,0.0002622928295750171,0.00737390574067831,4.911892688141961e-07,crying
laugh_1.m4a_0.wav,laughing,0.019495639950037003,0.9712046384811401,0.009299633093178272,6.718654788073763e-08,laughing
laugh_1.m4a_1.wav,laughing,0.017117246985435486,0.9766998291015625,0.006182767450809479,2.897322204375996e-08,laughing
laugh_1.m4a_10.wav,laughing,0.016696665436029434,0.9613880515098572,0.021913735195994377,1.5590907196383341e-06,laughing
laugh_1.m4a_11.wav,laughing,0.014347692020237446,0.9613307118415833,0.02431963011622429,1.9571027678466635e-06,laughing
laugh_1.m4a_12.wav,laughing,0.014261854812502861,0.9629004597663879,0.022835923358798027,1.9064231082666083e-06,laughing
laugh_1.m4a_13.wav,laughing,0.007329372689127922,0.9656194448471069,0.02704499661922455,6.080659659346566e-06,laughing
laugh_1.m4a_14.wav,laughing,0.007331489119678736,0.9678348898887634,0.024828560650348663,5.176795184524963e-06,laughing
laugh_1.m4a_15.wav,laughing,0.006857766769826412,0.9735386371612549,0.019598664715886116,5.088273610454053e-06,laughing
laugh_1.m4a_16.wav,laughing,0.0023879357613623142,0.9775435924530029,0.02006368339061737,5.012440851714928e-06,laughing
laugh_1.m4a_17.wav,laughing,0.001877803122624755,0.994133472442627,0.003988849930465221,7.738965912551521e-09,laughing
laugh_1.m4a_18.wav,laughing,0.00019191784667782485,0.998927891254425,0.0008802211959846318,2.407530841352923e-10,laughing
laugh_1.m4a_19.wav,laughing,0.00019005411013495177,0.9988815784454346,0.0009285603882744908,2.0806244227511428e-10,laughing
laugh_1.m4a_2.wav,laughing,0.013323291204869747,0.9755351543426514,0.011135450564324856,6.085756922402652e-06,laughing
laugh_1.m4a_20.wav,laughing,0.00044516086927615106,0.998020350933075,0.0015345956198871136,6.64673427408502e-10,laughing
laugh_1.m4a_21.wav,laughing,0.00030194653663784266,0.999387264251709,0.00031104584923014045,2.101433194123814e-10,laughing
laugh_1.m4a_22.wav,laughing,0.00030462085851468146,0.998388409614563,0.001307010999880731,3.280471727595824e-10,laughing
laugh_1.m4a_23.wav,laughing,0.0003077784786000848,0.9980478882789612,0.0016444334760308266,3.534798287407881e-10,laughing
laugh_1.m4a_24.wav,laughing,0.0014248808147385716,0.9970402121543884,0.001534961978904903,3.550392480011766e-10,laughing
laugh_1.m4a_25.wav,laughing,0.0008310258272103965,0.9815932512283325,0.017575671896338463,5.141711501011059e-09,laughing
laugh_1.m4a_26.wav,laughing,0.0008196108974516392,0.9816080331802368,0.01757241226732731,5.1394954958539074e-09,laughing
laugh_1.m4a_27.wav,laughing,0.0027175715658813715,0.9748789072036743,0.02240363508462906,5.605150121823499e-09,laughing
laugh_1.m4a_28.wav,laughing,0.0027177161537110806,0.974877655506134,0.022404756397008896,5.60603652388636e-09,laughing
laugh_1.m4a_29.wav,laughing,0.003043172415345907,0.9885249733924866,0.008431817404925823,2.4577522239610516e-09,laughing
laugh_1.m4a_3.wav,laughing,0.01329407375305891,0.9779704213142395,0.008729513734579086,6.085184395487886e-06,laughing
laugh_1.m4a_30.wav,laughing,0.00175987440161407,0.9841309189796448,0.014109150506556034,1.3887525573963444e-09,laughing
laugh_1.m4a_31.wav,laughing,0.000309481198200956,0.990714967250824,0.00897559616714716,1.9454178268318856e-09,laughing
laugh_1.m4a_32.wav,laughing,0.013194887898862362,0.9784179925918579,0.008387233130633831,2.698385737076592e-09,laughing
laugh_1.m4a_33.wav,laughing,0.013941275887191296,0.9776061177253723,0.00845266506075859,2.424593192884572e-09,laughing
laugh_1.m4a_34.wav,laughing,0.014557477086782455,0.9774296283721924,0.008012807928025723,2.422642086941096e-09,laughing
laugh_1.m4a_35.wav,laughing,0.022757118567824364,0.9746748208999634,0.0025679657701402903,2.80351510895116e-08,laughing
laugh_1.m4a_36.wav,laughing,0.019437601789832115,0.9767572283744812,0.003805296728387475,5.362001687103657e-08,laughing
laugh_1.m4a_37.wav,laughing,0.011408061720430851,0.9644393920898438,0.024150921031832695,1.4988211205491098e-06,laughing
laugh_1.m4a_38.wav,laughing,0.010396030731499195,0.9656183123588562,0.023984305560588837,1.5001269275671802e-06,laughing
laugh_1.m4a_39.wav,laughing,0.01009981520473957,0.9629502296447754,0.026948189362883568,1.7003093262246693e-06,laughing
laugh_1.m4a_4.wav,laughing,0.014347247779369354,0.9788474440574646,0.006800462957471609,4.946309218212264e-06,laughing
laugh_1.m4a_40.wav,laughing,0.0011533757206052542,0.9714706540107727,0.027374332770705223,1.653120989431045e-06,laughing
laugh_1.m4a_41.wav,laughing,0.0007400591275654733,0.9783197641372681,0.020939499139785767,5.907847935304744e-07,laughing
laugh_1.m4a_42.wav,laughing,0.0004141949466429651,0.9891060590744019,0.010479645803570747,4.789040985997417e-08,laughing
laugh_1.m4a_43.wav,laughing,0.0003926657955162227,0.9890666604042053,0.01054073590785265,4.7954607396150095e-08,laughing
laugh_1.m4a_44.wav,laughing,0.00028577158809639513,0.9922553300857544,0.00745885306969285,3.0182999211092465e-08,laughing
laugh_1.m4a_45.wav,laughing,0.0002944481966551393,0.9915308356285095,0.008174434304237366,2.3817409555704216e-07,laughing
laugh_1.m4a_46.wav,laughing,7.862366146582644e-06,0.9995487928390503,0.0004435171722434461,4.952678822611745e-10,laughing
laugh_1.m4a_47.wav,laughing,5.279685865389183e-06,0.999858021736145,0.00013703078730031848,9.507260950725183e-11,laughing
laugh_1.m4a_48.wav,laughing,5.431964382296428e-06,0.9997829794883728,0.00021161524637136608,1.0447663567614285e-10,laughing
laugh_1.m4a_49.wav,laughing,1.377888929710025e-05,0.9998013973236084,0.00018489571812096983,2.378570430894289e-11,laughing
laugh_1.m4a_5.wav,laughing,0.014331245794892311,0.9785860776901245,0.007077572401612997,4.974237072019605e-06,laughing
laugh_1.m4a_50.wav,laughing,0.014560687355697155,0.9825856685638428,0.0028535739984363317,2.3218225120302804e-09,laughing
laugh_1.m4a_51.wav,laughing,0.014138003811240196,0.9826611876487732,0.0032007473055273294,3.911940993361895e-09,laughing
laugh_1.m4a_52.wav,laughing,0.012830282561480999,0.9781720638275146,0.008997661992907524,1.9043998378265314e-08,laughing
laugh_1.m4a_53.wav,laughing,0.009141233749687672,0.9575193524360657,0.03333904966711998,2.919381927313225e-07,laughing
laugh_1.m4a_54.wav,laughing,0.009136694483458996,0.974155843257904,0.016707628965377808,7.440481120113418e-09,laughing
laugh_1.m4a_55.wav,laughing,0.0013562625972554088,0.9395707845687866,0.05907127633690834,1.7605894981898018e-06,laughing
laugh_1.m4a_56.wav,laughing,0.0021945182234048843,0.951515257358551,0.04628443345427513,5.793907803308684e-06,laughing
laugh_1.m4a_57.wav,laughing,0.0021825204603374004,0.9916762709617615,0.006137324031442404,4.0478889786754735e-06,laughing
laugh_1.m4a_58.wav,laughing,0.003973729908466339,0.9921509027481079,0.0038728388026356697,2.5989238565671258e-06,laughing
laugh_1.m4a_59.wav,laughing,0.00408119335770607,0.9923797249794006,0.0035364381037652493,2.5725109935592627e-06,laughing
laugh_1.m4a_6.wav,laughing,0.014224689453840256,0.9782940745353699,0.007475952617824078,5.28492182638729e-06,laughing
laugh_1.m4a_60.wav,laughing,0.001487322268076241,0.995324432849884,0.00318826362490654,4.650270835071524e-09,laughing
laugh_1.m4a_61.wav,laughing,0.0012728888541460037,0.9956034421920776,0.0031237013172358274,5.227235533311614e-09,laughing
laugh_1.m4a_62.wav,laughing,0.0014056303771212697,0.9957387447357178,0.0028556666802614927,5.7387596896774085e-09,laughing
laugh_1.m4a_63.wav,laughing,0.0008985616732388735,0.9987350106239319,0.0003664958931040019,3.8961353587829706e-10,laughing
laugh_1.m4a_64.wav,laughing,0.0009116895962506533,0.998746931552887,0.0003414548991713673,3.9457917488938676e-10,laughing
laugh_1.m4a_65.wav,laughing,0.00015108624938875437,0.9986610412597656,0.0011881458340212703,8.058084755013795e-10,laughing
laugh_1.m4a_66.wav,laughing,0.0023328897077590227,0.9667794108390808,0.030887331813573837,3.7251496110002336e-07,laughing
laugh_1.m4a_67.wav,laughing,0.020735710859298706,0.9452876448631287,0.033976223319768906,3.8734316376576317e-07,laughing
laugh_1.m4a_68.wav,laughing,0.021654078736901283,0.9306652545928955,0.04768038168549538,4.270322335742094e-07,laughing
laugh_1.m4a_69.wav,laughing,0.021133286878466606,0.93206387758255,0.0468023419380188,4.2643299025257875e-07,laughing
laugh_1.m4a_7.wav,laughing,0.000285653950413689,0.9990819692611694,0.0006324588321149349,2.5704737893761376e-08,laughing
laugh_1.m4a_70.wav,laughing,0.02967776544392109,0.936799168586731,0.03352295979857445,8.720507338466632e-08,laughing
laugh_1.m4a_71.wav,laughing,0.014905069954693317,0.9680838584899902,0.017010847106575966,8.428168030150118e-08,laughing
laugh_1.m4a_72.wav,laughing,0.0013030128320679069,0.9972807168960571,0.0014165355823934078,9.130440292715036e-10,laughing
laugh_1.m4a_73.wav,laughing,0.001379318186081946,0.9979677796363831,0.0006530662649311125,7.316390271405737e-10,laughing
laugh_1.m4a_74.wav,laughing,0.0013811836251989007,0.9973363876342773,0.001282506505958736,5.553001170000016e-09,laughing
laugh_1.m4a_75.wav,laughing,0.003309790277853608,0.9727843403816223,0.023904379457235336,1.5598318441334413e-06,laughing
laugh_1.m4a_76.wav,laughing,0.003263782477006316,0.9864726662635803,0.010262366384267807,1.107919160858728e-06,laughing
laugh_1.m4a_77.wav,laughing,0.0009468823554925621,0.9825929999351501,0.016458414494991302,1.6195526768569835e-06,laughing
laugh_1.m4a_78.wav,laughing,0.0009473005775362253,0.988866925239563,0.010184126906096935,1.647592739573156e-06,laughing
laugh_1.m4a_79.wav,laughing,0.0009609285043552518,0.9770835041999817,0.02195514738559723,5.270755423225637e-07,laughing
laugh_1.m4a_8.wav,laughing,0.010302826762199402,0.9763332009315491,0.013363401405513287,5.970409233668761e-07,laughing
laugh_1.m4a_80.wav,laughing,0.0006639587227255106,0.9876294136047363,0.011706472374498844,1.4909664969309233e-07,laughing
laugh_1.m4a_81.wav,laughing,0.00019370627705939114,0.9976046681404114,0.002201805356889963,3.5819978094764338e-09,laughing
laugh_1.m4a_82.wav,laughing,0.00018931414524558932,0.9980257749557495,0.0017849123105406761,8.970306442090958e-11,laughing
laugh_1.m4a_83.wav,laughing,0.0001892657164717093,0.9980496764183044,0.0017610039794817567,5.6128098696595075e-11,laughing
laugh_1.m4a_84.wav,laughing,0.0002017592778429389,0.9982249736785889,0.0015732664614915848,6.249870759811316e-11,laughing
laugh_1.m4a_85.wav,laughing,0.0005737850442528725,0.9850092530250549,0.014417135156691074,1.0448446968736036e-10,laughing
laugh_1.m4a_86.wav,laughing,0.008641250431537628,0.9769737124443054,0.014385188929736614,8.556511943424994e-09,laughing
laugh_1.m4a_87.wav,laughing,0.008645560592412949,0.9767656922340393,0.014588816091418266,8.736775747308911e-09,laughing
laugh_1.m4a_9.wav,laughing,0.010343799367547035,0.9774532914161682,0.012202202342450619,7.327201956286444e-07,laughing
laugh_2.m4a_0.wav,laughing,0.05427734553813934,0.9079745411872864,0.03774804621934891,5.251536094874609e-09,laughing
laugh_2.m4a_1.wav,laughing,0.04441983997821808,0.9449977278709412,0.010582326911389828,5.917231149510371e-09,laughing
laugh_2.m4a_10.wav,laughing,0.058141354471445084,0.8960690498352051,0.04578925669193268,2.897494653097965e-07,laughing
laugh_2.m4a_11.wav,laughing,0.05153711512684822,0.9094525575637817,0.0390101782977581,1.3858456782145367e-07,laughing
laugh_2.m4a_12.wav,laughing,0.037192825227975845,0.9142118692398071,0.04859510809183121,2.0182825721803965e-07,laughing
laugh_2.m4a_13.wav,laughing,0.0301807951182127,0.9596708416938782,0.010148310102522373,9.211744611548056e-08,laughing
laugh_2.m4a_14.wav,laughing,0.04797150194644928,0.9428464770317078,0.009182028472423553,2.6032315858515176e-08,laughing
laugh_2.m4a_15.wav,laughing,0.026639875024557114,0.948572039604187,0.024788180366158485,6.599780277838363e-09,laughing
laugh_2.m4a_16.wav,laughing,0.023768022656440735,0.9514896869659424,0.024742545560002327,3.832114625623717e-09,laughing
laugh_2.m4a_17.wav,laughing,0.023689275607466698,0.9445711970329285,0.03173929452896118,8.111453553283354e-08,laughing
laugh_2.m4a_18.wav,laughing,0.050338540226221085,0.8978718519210815,0.05176447704434395,2.518917972338386e-05,laughing
laugh_2.m4a_19.wav,laughing,0.08084988594055176,0.8601908683776855,0.0589340515434742,2.5187422579620034e-05,laughing
laugh_2.m4a_2.wav,laughing,0.05732884630560875,0.9223254323005676,0.020345553755760193,4.547835885659879e-09,laughing
laugh_2.m4a_3.wav,laughing,0.04332103580236435,0.9364876747131348,0.02019127458333969,4.9895763076790445e-09,laughing
laugh_2.m4a_4.wav,laughing,0.03519282117486,0.950282871723175,0.014524288475513458,2.7833049198733306e-09,laughing
laugh_2.m4a_5.wav,laughing,0.032651595771312714,0.947623610496521,0.019724633544683456,5.4790749715039055e-09,laughing
laugh_2.m4a_6.wav,laughing,0.031981125473976135,0.9557878375053406,0.012230933643877506,2.0399069100562883e-09,laughing
laugh_2.m4a_7.wav,laughing,0.019813043996691704,0.9705808162689209,0.009605538100004196,6.5584055164436e-07,laughing
laugh_2.m4a_8.wav,laughing,0.04174278676509857,0.9110041260719299,0.047252386808395386,7.525581509071344e-07,laughing
laugh_2.m4a_9.wav,laughing,0.04253323748707771,0.9087616801261902,0.04870438575744629,8.166543921106495e-07,laughing
1-100032-A.wav,noise,0.0024634141009300947,0.0006743050180375576,0.9968622326850891,1.3812247352806839e-11,noise
1-110389-A.wav,noise,2.2695265215588734e-05,5.5838023094167966e-09,0.9999517798423767,2.55241830018349e-05,noise
1-13571-A.wav,noise,0.00028090670821256936,3.786338129430078e-05,0.9996812343597412,2.3155104500460766e-08,noise
1-13572-A.wav,noise,0.03921316936612129,9.43947015912272e-05,0.9606900811195374,2.316586005690624e-06,noise
1-21421-A.wav,noise,0.04280723258852959,0.02305692248046398,0.9341064691543579,2.961895734188147e-05,noise
1-22804-A.wav,noise,0.10406143218278885,0.006394407246261835,0.8894758820533752,6.84500701026991e-05,noise
1-30226-A.wav,noise,0.006961746606975794,9.028380532072333e-07,0.9396893382072449,0.053348030894994736,noise
1-30344-A.wav,noise,0.0011863154359161854,0.0006040772423148155,0.9982090592384338,6.642318908234301e-07,noise
1-32318-A.wav,noise,0.010799053125083447,0.0007750956574454904,0.988156795501709,0.00026895952760241926,noise
1-34094-A.wav,noise,0.11529210209846497,0.002362642902880907,0.8823012709617615,4.3933607230428606e-05,noise
1-34094-B.wav,noise,0.16494087874889374,0.00046432926319539547,0.8345945477485657,4.0256020383822033e-07,noise
1-40154-A.wav,noise,0.005051916930824518,4.900374551652931e-05,0.9948990345001221,1.9170622866937492e-09,noise
1-47819-A.wav,noise,0.020372092723846436,0.0008442843682132661,0.9787693619728088,1.4392588127520867e-05,noise
1-47819-B.wav,noise,0.02290806546807289,0.0004399208992253989,0.9766268134117126,2.5149602151941508e-05,noise
1-47819-C.wav,noise,0.017440252006053925,0.00036091695073992014,0.9820970892906189,0.000101874815300107,noise
1-48298-A.wav,noise,0.0037980619817972183,0.00022963214723858982,0.9940012097358704,0.0019710727501660585,noise
1-54747-A.wav,noise,4.694770154856087e-07,7.971053817001916e-10,0.9999995231628418,2.439778630861089e-12,noise
1-56380-A.wav,noise,0.005928297992795706,0.00016353209502995014,0.9939068555831909,1.3607452729047509e-06,noise
1-56380-B.wav,noise,0.050380412489175797,9.5133094873745e-05,0.9495184421539307,5.9959997997793835e-06,noise
1-56907-A.wav,noise,0.0546107292175293,0.001804667990654707,0.9433797597885132,0.00020480540115386248,noise
1-59513-A.wav,noise,0.008678331039845943,0.00020967582531739026,0.9911035299301147,8.456686373392586e-06,noise
1-79113-A.wav,noise,0.002488784957677126,0.0014312900602817535,0.9960693120956421,1.0874275176320225e-05,noise
1-85362-A.wav,noise,0.004247013945132494,0.005183367058634758,0.9905627369880676,6.801678864576388e-06,noise
1-97392-A.wav,noise,0.039751723408699036,3.000648030138109e-05,0.9602176547050476,4.939718110108515e-07,noise
2-114280-A.wav,noise,0.03483399376273155,1.4433280739467591e-05,0.9651516675949097,4.415567911308926e-09,noise
2-114587-A.wav,noise,0.07226097583770752,0.008674868382513523,0.9190603494644165,3.8233747545746155e-06,noise
2-116400-A.wav,noise,0.013247848488390446,0.0001224083243869245,0.9864030480384827,0.0002267351228510961,noise
2-117271-A.wav,noise,0.04023551568388939,0.017841702327132225,0.939058244228363,0.0028645643033087254,noise
2-128465-A.wav,noise,3.52521165041253e-05,3.111184199156014e-08,0.9999647736549377,2.303738580108905e-12,noise
2-128465-B.wav,noise,0.0008022466790862381,4.5921592572994996e-07,0.999196469783783,9.806964271774632e-07,noise
2-138465-A.wav,noise,0.0028573053423315287,3.214670505258255e-05,0.9970962405204773,1.4389059288077988e-05,noise
2-144137-A.wav,noise,0.0037596472539007664,1.8531336536398157e-05,0.9962208271026611,9.134113838626945e-07,noise
2-56926-A.wav,noise,0.0029387599788606167,0.003597371047362685,0.9934638142585754,5.014868165176267e-08,noise
2-57191-A.wav,noise,0.16862772405147552,3.799112164415419e-05,0.8313328623771667,1.434699811397877e-06,noise
2-59565-A.wav,noise,0.021258974447846413,0.0003610162530094385,0.9783793687820435,7.874691050346883e-07,noise
2-59566-A.wav,noise,0.07273567467927933,5.191552918404341e-05,0.9272117018699646,6.975052997404418e-07,noise
2-69131-A.wav,noise,0.03834424912929535,0.023853352293372154,0.9378008842468262,1.6224020100708003e-06,noise
2-69131-B.wav,noise,0.07384572923183441,5.103544935991522e-06,0.9261489510536194,2.2261269805312622e-07,noise
2-70936-A.wav,noise,0.003758033737540245,2.1118280457699257e-08,0.9962420463562012,9.634782555112409e-11,noise
2-70938-A.wav,noise,0.0003248860884923488,9.26537957468554e-09,0.9996749758720398,1.3964817080491798e-09,noise
2-70939-A.wav,noise,0.0008532014326192439,9.11298627670476e-07,0.9991458654403687,1.1857887471933282e-07,noise
2-72688-A.wav,noise,0.0012687911512330174,5.169062205823138e-06,0.9987260699272156,1.629285684145998e-08,noise
2-82274-A.wav,noise,0.02854878641664982,8.554210944566876e-05,0.9683387875556946,0.0030269569251686335,noise
2-82274-B.wav,noise,0.007085804361850023,0.0003864441823679954,0.9786216616630554,0.013906028121709824,noise
3-123086-A.wav,noise,0.0006566199590452015,1.960363078978844e-05,0.999316930770874,6.8116987677058205e-06,noise
3-124795-A.wav,noise,5.0506503612268716e-05,1.5800328823090126e-09,0.9999493956565857,4.714720169829434e-09,noise
3-124958-A.wav,noise,0.1254318356513977,0.00014132993237581104,0.8743306994438171,9.615418821340427e-05,noise
3-130998-A.wav,noise,0.0325138233602047,2.128923006239347e-05,0.9674592018127441,5.721424258808838e-06,noise
3-130998-B.wav,noise,0.0063746897503733635,0.0019724664743989706,0.9897142052650452,0.0019386837957426906,noise
3-145577-A.wav,noise,0.00042246116208843887,8.959424349086476e-07,0.9995431900024414,3.343624121043831e-05,noise
3-146697-A.wav,noise,0.0007324884063564241,2.5625372472859453e-06,0.9665346741676331,0.03273027017712593,noise
3-151255-A.wav,noise,0.024400662630796432,6.917608175172063e-07,0.975591778755188,6.93581114319386e-06,noise
3-151557-A.wav,noise,0.04351251199841499,0.0008745415252633393,0.9555070400238037,0.00010587320866761729,noise
3-151557-B.wav,noise,0.018912356346845627,0.0017315639415755868,0.9793360829353333,1.99139685719274e-05,noise
3-153057-A.wav,noise,0.03926992043852806,7.648184237041278e-07,0.9607270359992981,2.309788442289573e-06,noise
3-155130-A.wav,noise,0.0011337846517562866,0.0006763392011635005,0.994346559047699,0.0038432052824646235,noise
3-155234-A.wav,noise,0.0002608784707263112,0.00011517088569235057,0.9874880313873291,0.01213609054684639,noise
3-161010-A.wav,noise,0.0006819728296250105,0.008262951858341694,0.9910550713539124,1.6263429714058475e-08,noise
3-174840-A.wav,noise,3.392916780864397e-10,1.4310438684744797e-12,1.0,1.5520257708597165e-22,noise
3-203371-A.wav,noise,0.030610965564846992,0.0005568100023083389,0.9688273072242737,4.94278310725349e-06,noise
3-203373-A.wav,noise,9.176284947898239e-05,0.0003953274863306433,0.9995128512382507,2.202089177671951e-09,noise
3-203374-A.wav,noise,7.41731928428635e-05,2.4024885192375223e-07,0.9999255537986755,3.2229332536104494e-09,noise
3-203375-A.wav,noise,0.004454254172742367,0.0004359697340987623,0.9951015710830688,8.172865818778519e-06,noise
3-203377-A.wav,noise,0.04809373989701271,0.00014296964218374342,0.9517608880996704,2.336697889404604e-06,noise
3-216280-A.wav,noise,1.2213814404304912e-09,3.196190812015942e-10,1.0,3.785902431514761e-17,noise
3-216281-A.wav,noise,0.019813012331724167,4.3710922909667715e-05,0.9801422953605652,9.474327384850767e-07,noise
3-216284-A.wav,noise,7.05244965502061e-05,3.411466025227128e-07,0.9999291896820068,3.5443838836135555e-11,noise
3-243726-A.wav,noise,0.01921229250729084,0.0015869946219027042,0.9791108965873718,8.967561734607443e-05,noise
3-51376-A.wav,noise,0.000282051507383585,2.5177632423378782e-08,0.999718189239502,2.2295084889378813e-08,noise
3-51731-A.wav,noise,0.051478419452905655,4.584234193316661e-05,0.9480506181716919,0.00042516738176345825,noise
3-51731-B.wav,noise,0.1109505295753479,0.00037788969348184764,0.8886396288871765,3.195500175934285e-05,noise
3-51909-A.wav,noise,0.00024397285596933216,6.953014519694989e-08,0.9997559189796448,2.044430935654873e-08,noise
3-51909-B.wav,noise,0.044966019690036774,0.007595264818519354,0.9460958242416382,0.0013430252438411117,noise
3-58772-A.wav,noise,0.005836501717567444,0.0005145486793480814,0.9936490654945374,9.554517177434718e-09,noise
3-62878-A.wav,noise,0.00040486230864189565,4.9910364730010315e-09,0.9995944499969482,7.385610842902679e-07,noise
3-62878-B.wav,noise,1.6936075553530827e-05,6.464447727116962e-11,0.9999821782112122,9.335778941021999e-07,noise
4-156993-A.wav,noise,0.044284507632255554,0.02092829719185829,0.9345062375068665,0.0002811283338814974,noise
4-161519-A.wav,noise,6.853524155303603e-06,2.842461981344968e-07,0.9999929070472717,2.954873501437305e-08,noise
4-165813-A.wav,noise,8.314371370943263e-05,1.4844292309135199e-05,0.9997353553771973,0.00016671838238835335,noise
4-165813-B.wav,noise,0.00026131642516702414,0.00016723941371310502,0.9995400309562683,3.145895607303828e-05,noise
4-180337-A.wav,noise,0.005014638416469097,1.62112064572284e-06,0.9818029999732971,0.013180945999920368,noise
4-183882-A.wav,noise,0.0009390136110596359,0.00010237976675853133,0.9989452362060547,1.3452768143906724e-05,noise
4-183882-B.wav,noise,0.010473936796188354,0.00036818510852754116,0.9781211018562317,0.011036714538931847,noise
4-184235-A.wav,noise,0.00374032580293715,0.00041606015292927623,0.9953933954238892,0.0004501731018535793,noise
4-187769-B.wav,noise,0.01582113653421402,0.000262880465015769,0.9837785363197327,0.0001374791463604197,noise
4-204115-A.wav,noise,0.00044680244172923267,0.00014585180906578898,0.9994072318077087,6.976715383189003e-08,noise
4-204119-A.wav,noise,5.971195093934512e-08,8.530505191117754e-09,1.0,7.82977602630521e-17,noise
4-204121-A.wav,noise,0.0003415007668081671,4.468181487027323e-06,0.9996539950370789,4.092664340760166e-08,noise
4-204123-A.wav,noise,0.0020577420946210623,1.289319357056229e-06,0.997931718826294,9.241523002856411e-06,noise
4-216211-A.wav,noise,4.6914109930185077e-07,1.0529742411335974e-07,0.999999463558197,4.651454324792678e-15,noise
4-223125-A.wav,noise,0.0006757732480764389,0.0007092183805070817,0.9986149668693542,1.7711778355078422e-07,noise
4-223127-A.wav,noise,0.0022696214728057384,0.01814667508006096,0.9795832633972168,3.6534166270030255e-07,noise
5-156999-A.wav,noise,0.0043293265625834465,3.821339760179399e-06,0.9916025400161743,0.004064363893121481,noise
5-156999-B.wav,noise,4.687692580773728e-07,1.6859430518323393e-12,0.9999961853027344,3.4547185805422487e-06,noise
5-156999-C.wav,noise,5.510448318091221e-06,6.734465074487161e-08,0.9997291564941406,0.0002653290575835854,noise
5-156999-D.wav,noise,5.697896995116025e-05,4.879291415349485e-10,0.9997872710227966,0.0001556862553115934,noise
5-156999-E.wav,noise,0.0002372671733610332,0.00036292587174102664,0.9993866682052612,1.3280226085043978e-05,noise
5-188495-A.wav,noise,1.7868045688373968e-05,1.1329887250610682e-08,0.9999724626541138,9.489986950939056e-06,noise
5-192191-A.wav,noise,0.0004700958961620927,3.6007313610753044e-05,0.9971706867218018,0.0023231729865074158,noise
5-195557-A.wav,noise,0.006624286063015461,0.0002175178233301267,0.9929343461990356,0.00022401026217266917,noise
5-242490-A.wav,noise,0.02843211404979229,1.617037742107641e-05,0.9715500473976135,1.7455342913308414e-06,noise
5-242491-A.wav,noise,0.040548175573349,0.0003173500008415431,0.9589372873306274,0.00019718824478331953,noise
5-243448-A.wav,noise,0.013729088939726353,0.011594874784350395,0.9746756553649902,4.0131880041371915e-07,noise
5-243449-A.wav,noise,8.23990922071971e-05,0.00011179195280419663,0.9998058676719666,1.367918667227741e-09,noise
5-243450-A.wav,noise,3.374407597789286e-08,3.9392611395072663e-10,1.0,2.4971666176857197e-17,noise
5-243459-A.wav,noise,5.183824396226555e-05,4.254663732439212e-09,0.9999481439590454,5.3654077708520376e-11,noise
5-243459-B.wav,noise,0.0019434004789218307,2.225927346444223e-06,0.9980544447898865,1.7739802682381622e-12,noise
5-257839-A.wav,noise,7.478040060959756e-06,1.1177657022187759e-08,0.9999925494194031,2.5098337037149365e-12,noise
silence.wav_0.wav,silence,9.311125381827878e-07,2.452686942433502e-10,0.021477052941918373,0.9785220623016357,silence
silence.wav_1.wav,silence,9.418096738045278e-07,2.496882978153536e-10,0.021770551800727844,0.9782285690307617,silence
silence.wav_10.wav,silence,5.56475363566733e-08,6.407856190104866e-11,5.992878141114488e-05,0.9999402165412903,silence
silence.wav_100.wav,silence,9.535699518892216e-07,9.470726425320208e-09,0.0006671949522569776,0.9993318915367126,silence
silence.wav_101.wav,silence,9.216593070959789e-07,8.777896631784188e-09,0.0006346089649014175,0.9993644952774048,silence
silence.wav_102.wav,silence,9.926252459990792e-07,1.0182604093245118e-08,0.0006609664997085929,0.9993382096290588,silence
silence.wav_103.wav,silence,8.627328043075977e-07,6.805476182591974e-09,0.0005880372482351959,0.9994111061096191,silence
silence.wav_104.wav,silence,8.7980180296654e-07,5.133558023118212e-09,0.00024616275914013386,0.9997530579566956,silence
silence.wav_105.wav,silence,4.0074596086014935e-07,3.24462318124219e-10,0.0004395868454594165,0.9995598793029785,silence
silence.wav_106.wav,silence,4.0036616155703086e-07,3.233372458666395e-10,0.00043101151823066175,0.9995686411857605,silence
silence.wav_107.wav,silence,3.911273438461649e-07,3.153259597876712e-10,0.0003916977730114013,0.9996080994606018,silence
silence.wav_11.wav,silence,5.844004746791143e-08,5.168013933465332e-11,2.575931284809485e-05,0.9999743103981018,silence
silence.wav_12.wav,silence,4.319681011111243e-06,7.854386585570694e-10,0.0002279840991832316,0.9997678399085999,silence
silence.wav_13.wav,silence,4.3140821617271286e-06,7.758603759455696e-10,0.00021763076074421406,0.9997782111167908,silence
silence.wav_14.wav,silence,6.0740835579053964e-06,2.9234141774026057e-09,0.0006593888392671943,0.9993345141410828,silence
silence.wav_15.wav,silence,8.830670594761614e-06,4.39227809678755e-09,0.0011378068011254072,0.9988533854484558,silence
silence.wav_16.wav,silence,1.199531016027322e-05,7.205487317918369e-09,0.0019015328725799918,0.9980865120887756,silence
silence.wav_17.wav,silence,3.1698407383373706e-06,4.113521967497036e-09,0.0012541778851300478,0.9987426996231079,silence
silence.wav_18.wav,silence,3.1700824365543667e-06,4.11099243535773e-09,0.0012525604106485844,0.9987443685531616,silence
silence.wav_19.wav,silence,5.063890640144564e-08,8.21211848522907e-11,7.41801195545122e-05,0.9999259114265442,silence
silence.wav_2.wav,silence,1.7484870113548823e-05,3.8727443474328993e-10,0.02333535999059677,0.9766469597816467,silence
silence.wav_20.wav,silence,5.940186298403205e-08,5.3198109112306824e-11,8.053003693930805e-05,0.9999196529388428,silence
silence.wav_21.wav,silence,6.265602081612087e-08,4.0940875689621237e-11,8.614869875600561e-05,0.9999138712882996,silence
silence.wav_22.wav,silence,1.204194433057637e-07,4.49895398713096e-11,0.00016067619435489178,0.9998393058776855,silence
silence.wav_23.wav,silence,3.0586286925426975e-07,8.61818186259633e-11,0.0003891605883836746,0.9996106028556824,silence
silence.wav_24.wav,silence,9.349034968408887e-08,4.8192682483572113e-11,8.23919108370319e-05,0.9999176859855652,silence
silence.wav_25.wav,silence,8.025310904713479e-08,4.618951401913485e-11,7.008605462033302e-05,0.9999299049377441,silence
silence.wav_26.wav,silence,2.6023792543128366e-07,1.0868519972895285e-10,0.00028623754042200744,0.9997135996818542,silence
silence.wav_27.wav,silence,2.1264099814288784e-07,1.5594647795325045e-10,0.0019741933792829514,0.9980257153511047,silence
silence.wav_28.wav,silence,2.0444615245196474e-07,1.83913079210285e-10,0.0019827906507998705,0.9980169534683228,silence
silence.wav_29.wav,silence,1.9863360023464338e-07,2.51022286290592e-10,0.010921584442257881,0.9890782833099365,silence
silence.wav_3.wav,silence,1.6730529750930145e-05,3.643981505430105e-10,0.0031390779186040163,0.9968439936637878,silence
silence.wav_30.wav,silence,6.38973574496049e-07,1.7617944880754521e-09,0.019876182079315186,0.9801231622695923,silence
silence.wav_31.wav,silence,6.957770892768167e-07,1.8396643097773335e-09,0.02027505449950695,0.9797244071960449,silence
silence.wav_32.wav,silence,8.83730820078199e-07,2.1719248621820952e-09,0.01766318827867508,0.9823359847068787,silence
silence.wav_33.wav,silence,1.037659558278392e-06,2.1921084947251757e-09,0.01821189373731613,0.9817870855331421,silence
silence.wav_34.wav,silence,1.1419243719501537e-06,2.2354085249531863e-09,0.003380582667887211,0.9966183304786682,silence
silence.wav_35.wav,silence,2.0291862767862767e-07,9.724104854669235e-10,0.0005988732445985079,0.9994009137153625,silence
silence.wav_36.wav,silence,1.7136491692326672e-07,5.062438801495261e-10,0.0005238557932898402,0.9994760751724243,silence
silence.wav_37.wav,silence,1.501311572837949e-07,1.5687209864445606e-10,0.00023830650025047362,0.9997616410255432,silence
silence.wav_38.wav,silence,3.2188583531933546e-07,2.848219715634315e-10,8.667021756991744e-05,0.999913215637207,silence
silence.wav_39.wav,silence,1.0906219358730596e-05,3.585630681257612e-10,0.0033973315730690956,0.9965919256210327,silence
silence.wav_4.wav,silence,8.994516065286007e-06,4.865678970844556e-10,0.0008461463148705661,0.9991447329521179,silence
silence.wav_40.wav,silence,1.1282526429567952e-05,6.935392260487561e-09,0.01584114320576191,0.9841473698616028,silence
silence.wav_41.wav,silence,7.309236480068648e-06,3.99864941158512e-09,0.01806126907467842,0.9819313883781433,silence
silence.wav_42.wav,silence,6.941997071407968e-06,3.974301332476671e-09,0.018055452033877373,0.9819377064704895,silence
silence.wav_43.wav,silence,4.025784619443584e-06,3.815821436603528e-09,0.017566626891493797,0.982429563999176,silence
silence.wav_44.wav,silence,1.716297560960811e-06,3.848743101997343e-09,0.015491921454668045,0.9845065474510193,silence
silence.wav_45.wav,silence,1.3522376320906915e-06,6.757767262444148e-11,0.00011108861508546397,0.9998876452445984,silence
silence.wav_46.wav,silence,1.5706574174600973e-07,5.227445212807602e-11,5.362361844163388e-05,0.9999463558197021,silence
silence.wav_47.wav,silence,2.3047012120969157e-07,4.952513954492588e-10,0.00023222346499096602,0.9997677803039551,silence
silence.wav_48.wav,silence,2.403569112630066e-07,5.479622311455046e-10,0.0002486908924765885,0.9997512698173523,silence
silence.wav_49.wav,silence,9.311312965110119e-08,5.570734429305446e-10,0.00021746767743024975,0.999782383441925,silence
silence.wav_5.wav,silence,8.993993105832487e-06,4.853758506229156e-10,0.0008134412346407771,0.9991775751113892,silence
silence.wav_50.wav,silence,9.095702324657395e-08,4.9280785008321e-10,0.0001922274095704779,0.9998077750205994,silence
silence.wav_51.wav,silence,1.5656637231131754e-07,9.084374225087899e-11,0.0001259846321772784,0.9998738765716553,silence
silence.wav_52.wav,silence,9.842632664458506e-08,6.840904925864422e-11,0.0001288297207793221,0.9998708963394165,silence
silence.wav_53.wav,silence,9.933366840186864e-08,6.305416605512093e-11,0.0001251743669854477,0.9998747110366821,silence
silence.wav_54.wav,silence,9.783245786820771e-07,1.5154670920947133e-11,0.00041569769382476807,0.9995836019515991,silence
silence.wav_55.wav,silence,9.85290398602956e-07,2.08522730332783e-11,0.00041002247598953545,0.999589204788208,silence
silence.wav_56.wav,silence,9.64405785452982e-07,2.3342003677151446e-11,0.0003239040379412472,0.9996752142906189,silence
silence.wav_57.wav,silence,9.94055085357104e-07,5.299011784920538e-10,0.0005458808736875653,0.9994533061981201,silence
silence.wav_58.wav,silence,1.00302145256137e-06,5.299432559446871e-10,0.0005435030907392502,0.9994555115699768,silence
silence.wav_59.wav,silence,1.278653201097768e-07,5.293550597862406e-10,0.000247402407694608,0.9997524619102478,silence
silence.wav_6.wav,silence,2.2426846157941327e-07,7.841191584923024e-11,0.0005754983285441995,0.9994244575500488,silence
silence.wav_60.wav,silence,1.0823836760209815e-07,6.228086379955755e-10,0.00023597822291776538,0.9997640252113342,silence
silence.wav_61.wav,silence,1.7285444755543722e-06,6.589319645478042e-10,0.0004735020629595965,0.9995249509811401,silence
silence.wav_62.wav,silence,4.6048023705225205e-07,6.361843829516545e-10,0.00031169236171990633,0.9996879696846008,silence
silence.wav_63.wav,silence,3.1537456379737705e-07,7.853998007512075e-10,0.0003398857661522925,0.9996597170829773,silence
silence.wav_64.wav,silence,3.2472624411639117e-07,7.202438645492748e-10,0.0006498094298876822,0.9993498921394348,silence
silence.wav_65.wav,silence,5.879576860934321e-07,1.603271515548954e-09,0.0010577701032161713,0.9989416003227234,silence
silence.wav_66.wav,silence,3.746841343854612e-07,2.0597863414906215e-09,0.0009497756254859269,0.9990499019622803,silence
silence.wav_67.wav,silence,2.521545638956013e-07,9.663725375474996e-10,0.0011389931896701455,0.9988606572151184,silence
silence.wav_68.wav,silence,2.511028753815481e-07,9.525147337541284e-10,0.001138830790296197,0.9988608360290527,silence
silence.wav_69.wav,silence,2.4461664338559785e-07,9.590048755114822e-10,0.0009382038842886686,0.9990615248680115,silence
silence.wav_7.wav,silence,5.302913663740583e-08,1.070102340072765e-10,8.638847793918103e-05,0.99991375207901,silence
silence.wav_70.wav,silence,3.320671027040589e-08,7.970654691824564e-10,0.0006875291583128273,0.9993125796318054,silence
silence.wav_71.wav,silence,1.5033482725357317e-07,9.638659870248034e-10,0.0017200747970491648,0.9982799887657166,silence
silence.wav_72.wav,silence,2.638178102642996e-07,6.781199490824008e-10,0.0009295218042097986,0.9990702867507935,silence
silence.wav_73.wav,silence,2.62434468822903e-07,6.703636534766133e-10,0.0009297886863350868,0.9990699291229248,silence
silence.wav_74.wav,silence,1.7920683603733778e-06,8.054046318761721e-10,0.0021980595774948597,0.9977999329566956,silence
silence.wav_75.wav,silence,1.8393043319520075e-06,7.721346895195325e-10,0.008235081098973751,0.9917630553245544,silence
silence.wav_76.wav,silence,1.63867127866979e-06,2.1715963749446843e-10,0.008097777143120766,0.991900622844696,silence
silence.wav_77.wav,silence,8.632418939669151e-07,4.939240128010169e-10,0.0076961456798017025,0.992303192615509,silence
silence.wav_78.wav,silence,7.601081506436458e-07,5.687976201151912e-10,0.007844851352274418,0.9921544790267944,silence
silence.wav_79.wav,silence,1.7710209476717864e-06,2.2995958914862058e-08,0.009945661760866642,0.9900525808334351,silence
silence.wav_8.wav,silence,4.507799999942108e-08,1.7279613850895714e-10,4.262408401700668e-05,0.9999574422836304,silence
silence.wav_80.wav,silence,1.7642906868786667e-06,2.3094001377899076e-08,0.008277136832475662,0.9917210936546326,silence
silence.wav_81.wav,silence,2.348539055674337e-06,1.9811785989531927e-08,0.008130621165037155,0.9918671250343323,silence
silence.wav_82.wav,silence,1.5056497204568586e-06,1.3825141031986732e-08,0.003501846455037594,0.9964964985847473,silence
silence.wav_83.wav,silence,1.4053599670660333e-06,1.4272950821236918e-08,0.002855345606803894,0.9971432685852051,silence
silence.wav_84.wav,silence,7.298180548787059e-07,9.174987880555818e-09,0.0019806460477411747,0.9980185627937317,silence
silence.wav_85.wav,silence,1.2098937531845877e-06,9.164693892671494e-09,0.0025930763222277164,0.9974057078361511,silence
silence.wav_86.wav,silence,6.153803155939386e-07,9.571065717750571e-09,0.0010965714463964105,0.9989026784896851,silence
silence.wav_87.wav,silence,1.4950392142054625e-06,2.237813934158339e-09,0.0028306825552135706,0.997167706489563,silence
silence.wav_88.wav,silence,1.4585160670321784e-06,1.5257271002155903e-09,0.002299429615959525,0.9976989030838013,silence
silence.wav_89.wav,silence,1.4893411162120174e-06,2.0129946598501647e-09,0.002409737790003419,0.9975888133049011,silence
silence.wav_9.wav,silence,4.604468628599534e-08,1.7358965653802017e-10,4.298515705158934e-05,0.9999570250511169,silence
silence.wav_90.wav,silence,1.2508768350016908e-06,6.283086273484173e-10,0.003134651342406869,0.9968641400337219,silence
silence.wav_91.wav,silence,1.242705820914125e-06,5.417996606915665e-10,0.003322349861264229,0.9966764450073242,silence
silence.wav_92.wav,silence,3.390032077277283e-07,2.8505933724609633e-10,0.0038482698146253824,0.9961512684822083,silence
silence.wav_93.wav,silence,3.6843499628957943e-07,1.6120121903995255e-09,0.023358281701803207,0.9766411781311035,silence
silence.wav_94.wav,silence,3.2753052892076084e-07,1.3757206485109919e-09,0.023795893415808678,0.9762039184570312,silence
silence.wav_95.wav,silence,5.241081524332003e-08,1.002784300041526e-09,0.019895026460289955,0.9801050424575806,silence
silence.wav_96.wav,silence,9.718635851641011e-08,2.3932855697239575e-09,0.019766703248023987,0.9802329540252686,silence
silence.wav_97.wav,silence,7.876325014422036e-08,2.3962030137880674e-09,0.018334414809942245,0.9816654920578003,silence
silence.wav_98.wav,silence,1.1323375304073124e-07,3.6033058758988545e-09,0.0007540079532191157,0.9992461204528809,silence
silence.wav_99.wav,silence,1.5393247565498314e-07,2.798160148032025e-09,0.0006807013414800167,0.9993190169334412,silence
